volumen,centroide_x,centroide_y,centroide_z,diametro_x,diametro_y,diametro_z,vim,mejoria
"277,357388","13,93535","10,7629006","13,6031067","23,0731224","48,0013267","29,6071456","0,58405136","0,41026976"
"202,53361","14,15123","17,1447383","17,2008187","29,5900314","30,6880774","26,2685084","0,4676192","0,30933407"
"226,304355","14,61819","19,5027952","19,497237","34,2404058","32,2415307","35,7012532","0,49805693","0,49191275"
"282,624334","10,43594","17,1055009","18,8591622","27,3988421","33,4079833","33,7704302","0,46199265","0,34338568"
"254,160726","12,73052","15,1507432","15,9388188","48,3004847","26,3611552","27,947085","0,63054068","0,53227714"
"280,784534","13,02508","18,421829","14,9247362","36,7367889","22,6098599","36,1754394","0,54252389","0,61078871"
"267,569698","18,77716","15,6289918","19,4538414","30,8352065","45,1087018","22,9270642","0,54256323","0,38243379"
"225,894383","14,91595","16,6218859","19,8954695","33,4536318","47,5003173","40,2939318","0,46067746","0,34300667"
"248,296981","12,28163","18,8728382","12,8248042","31,2946243","33,0444533","31,43341","0,64695317","0,4121165"