paciente,volumen,mejoria
1,"277,357388","0,41026976"
2,"202,53361","0,30933407"
3,"226,304355","0,49191275"
4,"282,624334","0,34338568"
5,"254,160726","0,53227714"
6,"280,784534","0,61078871"
7,"267,569698","0,38243379"
8,"225,894383","0,34300667"
9,"248,296981","0,4121165"